ID,ak,mode
10_2984,7411,car
10_2993,2611,car
10_2998,29099,car
10_3021,523,car
10_3039,26558,car
10_3042,3374,car
10_3060,21880,car
10_3075,3827,car
10_3076,5921,car
10_3098,3719,car
10_3126,1483,car
10_3133,15493,car
10_3150,957,car
12_3192,11758,car
12_3197,140,car
12_3216,516,car
12_3217,1026,car
12_3229,26941,car
12_3238,485,car
12_3241,5389,car
12_3245,623,car
12_3246,22320,car
12_3253,830,car
12_3259,3141,car
12_3261,25329,car
12_3262,1384,car
12_3266,8533,car
12_3278,16374,car
12_3282,3165,car
12_3290,67,car
12_3302,17626,car
12_3304,12166,car
12_3307,35506,car
12_3309,82,car
12_3314,3302,car
12_3332,50,car
12_3361,5601,car
12_3369,1784,car
12_3380,21605,car
12_3389,2465,car
12_3397,33320,car
13_3401,1182,car
13_3426,15277,car
13_3428,483,car
13_3434,1228,car
13_3436,441,car
13_3439,1496,car
13_3449,4165,car
13_3453,4299,car
13_3465,885,car
13_3473,250,car
13_3480,133,car
13_3532,6673,car
13_3536,1258,car
13_3544,28758,car
13_3553,824,car
13_3556,845,car
13_3562,497,car
13_3568,1662,car
13_3580,29014,car
13_3586,15877,car
13_3588,26456,car
14_3632,5249,car
14_3655,5679,car
14_3699,30273,car
14_3710,30177,car
14_3725,9379,car
16_3777,8451,car
16_3866,21939,car
16_3886,20080,car
16_3903,4178,car
16_3909,26442,car
16_3932,31066,car
16_3950,10162,car
16_3977,1600,car
16_3991,5621,car
16_4013,29007,car
16_4014,12158,car
16_4047,10120,car
16_4058,4498,car
16_4103,16828,car
16_4105,14972,car
16_4116,37808,car
2_1791,10,car
2_1831,1735,car
2_1834,25787,car
2_1838,33736,car
2_1847,7430,car
2_1861,1240,car
2_1863,2427,car
2_1870,20770,car
2_1879,1,car
2_1880,8409,car
2_1894,4015,car
2_1922,11834,car
2_1944,21684,car
2_1986,9688,car
2_1991,1392,car
2_1996,3032,car
2_1999,95,car
2_2000,890,car
2_2002,292,car
2_2003,1632,car
2_2014,42,car
2_2019,438,car
3_2023,9657,car
3_2024,29720,car
3_2030,1432,car
3_2037,12100,car
3_2040,286,car
3_2044,12762,car
3_2045,12781,car
3_2047,12632,car
3_2048,20401,car
3_2067,2295,car
3_2071,463,car
3_2073,519,car
3_2075,20073,car
3_2084,194,car
3_2086,739,car
3_2088,26861,car
3_2090,18332,car
3_2094,1826,car
3_2113,8045,car
3_2114,870,car
3_2124,13,car
3_2130,4478,car
3_2134,5857,car
3_2157,7438,car
3_2158,20319,car
3_2164,32288,car
3_2179,20146,car
3_2182,942,car
3_2183,3953,car
3_2200,10188,car
3_2202,848,car
3_2210,3506,car
3_2217,4700,car
3_2219,120,car
3_2220,2451,car
42_0001,5539,car
42_0034,14408,car
42_0083,2921,car
42_0087,279,car
42_0092,788,car
42_0096,3243,car
42_0102,16347,car
42_0105,20,car
42_0114,1524,car
42_0120,412,car
42_0128,5209,car
42_0129,1650,car
42_0145,7933,car
42_0155,1218,car
42_0165,8249,car
42_0168,21778,car
42_0172,1115,car
42_0175,3651,car
42_0182,2241,car
42_0191,9931,car
42_0210,9189,car
42_0224,1092,car
42_0225,2346,car
42_0226,9594,car
42_0232,558,car
42_0272,3558,car
42_0277,35780,car
42_0278,28088,car
42_0279,1109,car
42_0308,2879,car
42_0334,2651,car
42_0338,34117,car
42_0361,152,car
42_0365,19889,car
42_0383,1190,car
42_0386,181,car
42_0389,2153,car
42_0390,6982,car
42_0391,2154,car
42_0399,10939,car
42_0407,1481,car
42_0418,3955,car
42_0424,64,car
42_0432,2187,car
42_0434,3455,car
42_0471,9921,car
42_0477,237,car
42_0478,4408,car
42_0490,5026,car
42_0498,5762,car
42_0510,1025,car
42_0512,879,car
42_0522,2977,car
42_0538,34505,car
42_0540,5317,car
42_0550,8691,car
42_0555,36173,car
42_0558,477,car
42_0578,13003,car
42_0581,22834,car
42_0582,17646,car
42_0589,2777,car
45_599,1162,car
45_600,1767,car
45_619,636,car
45_645,20535,car
45_655,130,car
45_665,6380,car
45_679,30850,car
45_686,7373,car
45_687,35506,car
45_696,8793,car
45_742,29955,car
46_0788,7974,car
46_0812,111,car
46_0820,529,car
46_0833,202,car
46_0859,20903,car
46_0866,11619,car
46_0873,239,car
46_0886,404,car
46_0893,22693,car
46_0894,2448,car
46_0901,7934,car
46_0921,3465,car
46_0926,28508,car
46_0928,5892,car
46_0932,11888,car
46_0935,3043,car
46_0945,2233,car
46_0947,26,car
46_0958,18796,car
46_0974,1632,car
46_0975,697,car
46_0983,14698,car
46_0986,114,car
47_1014,6967,car
47_1025,2337,car
47_1037,1470,car
47_1040,2745,car
47_1046,1083,car
47_1051,7041,car
47_1054,493,car
47_1062,5650,car
47_1077,6377,car
47_1090,10614,car
47_1091,9465,car
47_1104,1004,car
47_1121,769,car
47_1127,219,car
47_1137,703,car
47_1141,17771,car
47_1148,114,car
47_1181,217,car
47_1193,240,car
48_1233,550,car
48_1240,3659,car
48_1244,7137,car
48_1245,85,car
48_1260,147,car
48_1267,121,car
48_1298,5260,car
48_1299,15195,car
48_1302,28471,car
48_1304,28253,car
48_1338,1558,car
48_1366,27295,car
48_1367,13461,car
48_1373,636,car
48_1374,2070,car
49_1390,27912,car
49_1393,43,car
49_1400,9850,car
49_1406,559,car
49_1408,1253,car
49_1411,2538,car
49_1421,35292,car
49_1434,20021,car
49_1437,29482,car
49_1438,5384,car
49_1444,12714,car
49_1459,13624,car
49_1476,378,car
49_1479,1629,car
49_1485,7986,car
49_1498,3137,car
49_1507,23018,car
49_1511,1238,car
49_1516,1393,car
49_1529,2130,car
49_1531,2894,car
49_1537,2724,car
49_1538,17217,car
49_1554,4787,car
4_2241,1052,car
4_2242,14176,car
4_2243,6592,car
4_2248,11148,car
4_2251,5685,car
4_2253,26798,car
4_2255,32,car
4_2265,1897,car
4_2276,968,car
4_2281,220,car
4_2292,1267,car
4_2293,19105,car
4_2296,10257,car
4_2298,11158,car
4_2299,3373,car
4_2312,6938,car
4_2315,9279,car
4_2326,1085,car
4_2328,2469,car
4_2332,35579,car
4_2334,23156,car
4_2338,25607,car
4_2339,33130,car
4_2345,982,car
4_2346,232,car
4_2349,21077,car
4_2350,780,car
4_2351,10388,car
4_2353,1590,car
4_2364,1681,car
4_2365,249,car
4_2369,33967,car
4_2370,1019,car
4_2373,8840,car
4_2393,9020,car
4_2404,1137,car
4_2410,3780,car
50_1591,34754,car
50_1594,383,car
50_1597,2253,car
50_1624,29514,car
50_1631,25864,car
50_1641,26331,car
50_1643,4806,car
50_1647,956,car
50_1649,7917,car
50_1663,2770,car
50_1670,32688,car
50_1682,2954,car
50_1690,18986,car
50_1696,360,car
50_1704,4186,car
50_1708,10269,car
50_1724,14691,car
50_1742,468,car
50_1744,1316,car
50_1773,4450,car
5_2419,450,car
5_2443,29824,car
5_2450,2920,car
5_2457,38634,car
5_2459,23706,car
5_2460,1747,car
5_2461,947,car
5_2462,305,car
5_2472,1839,car
5_2476,7107,car
5_2479,9920,car
5_2493,31308,car
5_2504,16205,car
5_2505,872,car
5_2506,11437,car
5_2507,5889,car
5_2508,1124,car
5_2511,224,car
5_2514,10335,car
5_2518,685,car
5_2520,6405,car
5_2528,13442,car
5_2549,29770,car
5_2550,1577,car
5_2551,1708,car
5_2565,780,car
5_2573,768,car
5_2576,6251,car
5_2580,2405,car
5_2586,854,car
6_2613,967,car
6_2617,22343,car
6_2619,507,car
6_2635,22456,car
6_2639,2689,car
6_2641,264,car
6_2665,6122,car
6_2667,13746,car
6_2670,3049,car
6_2696,1588,car
6_2697,33161,car
6_2698,3759,car
6_2701,6305,car
6_2721,6914,car
6_2731,1480,car
6_2735,24249,car
6_2738,9669,car
6_2750,14404,car
6_2752,522,car
6_2766,1666,car
6_2775,9976,car
6_2785,19643,car
7_2803,784,car
7_2812,30000,car
7_2825,4397,car
7_2828,4930,car
7_2829,95,car
7_2831,969,car
7_2834,5614,car
7_2854,29608,car
7_2859,4196,car
7_2875,396,car
7_2877,6886,car
7_2908,1332,car
7_2911,169,car
7_2913,1527,car
7_2916,617,car
7_2923,9991,car
7_2933,1671,car
7_2941,15208,car
7_2959,246,car
7_2965,18946,car
7_2972,5599,car
7_2973,8,car
42_0590,0,car
46_0806,0,car
48_1203,0,car
42_0591,0,car
42_0566,0,car
12_3379,0,car
42_0462,0,car
2_1952,0,car
5_2575,0,car
7_2870,0,car
2_1908,0,car
10_3154,0,car
13_3581,0,car
6_2610,0,car
42_0109,0,car
42_0416,0,car
6_2777,0,car
10_3187,0,car
12_3280,0,car
46_0996,0,car
4_2287,0,car
6_2753,0,car
42_0127,0,car
50_1698,0,car
4_2305,0,car
42_0202,0,car
5_2427,0,car
2_1990,0,car
16_4076,0,car
2_1886,0,car
16_3838,0,car
13_3444,0,car
42_0325,0,car
48_1217,0,car
42_0149,0,car
7_2889,0,car
3_2032,0,car
42_0206,0,car
12_3320,0,car
47_1049,0,car
49_1583,0,car
13_3566,0,car
46_0823,0,car
4_2267,0,car
45_620,0,car
46_0963,0,car
4_2237,0,car
6_2680,0,car
5_2437,0,car
3_2189,0,car
47_1140,0,car
2_1876,0,car
12_3254,0,car
45_750,0,car
3_2126,0,car
48_1309,0,car
49_1517,0,car
46_0992,0,car
6_2611,0,car
4_2335,0,car
2_1878,0,car
5_2574,0,car
12_3220,0,car
42_0394,0,car
5_2593,0,car
4_2235,0,car
5_2475,0,car
10_3166,0,car
48_1214,0,car
46_0802,0,car
46_0993,0,car
10_3022,0,car
7_2975,0,car
5_2469,0,car
16_3972,0,car
42_0310,0,car
4_2238,0,car
7_2880,0,car
47_1183,0,car
2_1866,0,car
16_4068,0,car
45_737,0,car
6_2661,0,car
10_3006,0,car
42_0091,0,car
16_3948,0,car
42_0186,0,car
3_2095,0,car
10_3167,0,car
6_2709,0,car
48_1205,0,car
4_2280,0,car
50_1667,0,car
12_3193,0,car
47_1167,0,car
5_2455,0,car
3_2188,0,car
6_2756,0,car
4_2246,0,car
2_1811,0,car
42_0124,0,car
7_2919,0,car
50_1665,0,car
7_2896,0,car
42_0115,0,car
4_2407,0,car
3_2211,0,car
3_2093,0,car
3_2111,0,car
45_664,0,car
5_2546,0,car
12_3390,0,car
49_1430,0,car
42_0179,0,car
45_626,0,car
42_0113,0,car
42_0173,0,car
3_2068,0,car
7_2804,0,car
46_0954,0,car
12_3378,0,car
10_3099,0,car
4_2270,0,car
42_0523,0,car
2_1796,0,car
2_2017,0,car
13_3416,0,car
2_1801,0,car
45_708,0,car
3_2080,0,car
42_0130,0,car
4_2355,0,car
50_1767,0,car
4_2411,0,car
6_2705,0,car
42_0421,0,car
49_1540,0,car
5_2487,0,car
4_2342,0,car
10_3054,0,car
5_2531,0,car
46_0967,0,car
4_2286,0,car
7_2879,0,car
45_612,0,car
47_1086,0,car
42_0455,0,car
49_1584,0,car
7_2847,0,car
49_1547,0,car
10_3152,0,car
3_2106,0,car
46_0855,0,car
47_1162,0,car
6_2669,0,car
42_0097,0,car
4_2319,0,car
46_0863,0,car
12_3240,0,car
4_2230,0,car
2_1957,0,car
4_2307,0,car
4_2414,0,car
6_2742,0,car
10_3144,0,car
45_712,0,car
12_3285,0,car
2_1962,0,car
42_0002,0,car
12_3313,0,car
12_3317,0,car
46_0994,0,car
2_1852,0,car
4_2397,0,car
48_1359,0,car
42_0152,0,car
45_726,0,car
6_2758,0,car
45_638,0,car
50_1748,0,car
10_3063,0,car
46_0890,0,car
49_1478,0,car
12_3393,0,car
3_2185,0,car
46_0903,0,car
16_4040,0,car
42_0409,0,car
42_0163,0,car
49_1451,0,car
46_0889,0,car
13_3519,0,car
42_0101,0,car
46_0810,0,car
42_0410,0,car
7_2821,0,car
2_1945,0,car
4_2250,0,car
47_1149,0,car
10_3093,0,car
12_3189,0,car
2_1977,0,car
50_1755,0,car
3_2104,0,car
42_0212,0,car
13_3454,0,car
4_2416,0,car
49_1503,0,car
2_1865,0,car
46_0904,0,car
48_1289,0,car
2_1891,0,car
12_3215,0,car
4_2377,0,car
47_1159,0,car
7_2964,0,car
12_3294,0,car
10_3183,0,car
3_2148,0,car
13_3560,0,car
49_1581,0,car
5_2442,0,car
50_1761,0,car
12_3306,0,car
2_1972,0,car
12_3297,0,car
4_2380,0,car
7_2849,0,car
5_2562,0,car
10_3053,0,car
50_1593,0,car
6_2737,0,car
6_2764,0,car
5_2558,0,car
48_1340,0,car
47_1078,0,car
10_2982,0,car
2_1868,0,car
42_0487,0,car
4_2379,0,car
2_1816,0,car
12_3211,0,car
45_598,0,car
3_2156,0,car
42_0121,0,car
50_1680,0,car
12_3329,0,car
50_1679,0,car
6_2638,0,car
12_3334,0,car
48_1282,0,car
5_2444,0,car
12_3256,0,car
6_2768,0,car
5_2458,0,car
50_1686,0,car
12_3324,0,car
47_1052,0,car
5_2453,0,car
10_3155,0,car
42_0457,0,car
42_0207,0,car
5_2543,0,car
5_2431,0,car
7_2799,0,car
3_2096,0,car
46_0931,0,car
10_2989,0,car
42_0193,0,car
12_3228,0,car
13_3497,0,car
45_690,0,car
3_2146,0,car
42_0208,0,car
6_2759,0,car
16_4067,0,car
42_0151,0,car
42_0213,0,car
10_3171,0,car
45_743,0,car
4_2336,0,car
4_2396,0,car
7_2924,0,car
46_0843,0,car
49_1524,0,car
10_3064,0,car
45_707,0,car
42_0123,0,car
46_0937,0,car
7_2892,0,car
46_0849,0,car
4_2383,0,car
46_1007,0,car
2_1827,0,car
2_1859,0,car
12_3195,0,car
4_2245,0,car
6_2712,0,car
42_0196,0,car
13_3504,0,car
50_1603,0,car
3_2199,0,car
48_1372,0,car
50_1617,0,car
50_1616,0,car
3_2151,0,car
4_2398,0,car
49_1505,0,car
50_1782,0,car
47_1192,0,car
42_0368,0,car
42_0162,0,car
47_1089,0,car
3_2081,0,car
47_1125,0,car
14_3644,0,car
49_1563,0,car
12_3372,0,car
42_0388,0,car
6_2715,0,car
2_1970,0,car
42_0211,0,car
42_0384,0,car
6_2651,0,car
42_0439,0,car
42_0108,0,car
4_2244,0,car
4_2395,0,car
12_3376,0,car
45_694,0,car
2_2010,0,car
46_0919,0,car
6_2782,0,car
42_0197,0,car
48_1238,0,car
5_2424,0,car
7_2824,0,car
6_2607,0,car
4_2361,0,car
42_0448,0,car
50_1732,0,car
42_0496,0,car
4_2371,0,car
5_2559,0,car
10_3069,0,car
42_0396,0,car
3_2155,0,car
10_3149,0,car
5_2440,0,car
5_2489,0,car
6_2615,0,car
49_1555,0,car
50_1750,0,car
12_3204,0,car
5_2494,0,car
45_768,0,car
3_2100,0,car
3_2175,0,car
16_3848,0,car
45_674,0,car
42_0154,0,car
42_0420,0,car
3_2133,0,car
5_2589,0,car
47_1015,0,car
42_0517,0,car
47_1050,0,car
16_3853,0,car
42_0164,0,car
3_2135,0,car
42_0567,0,car
10_3049,0,car
6_2675,0,car
3_2153,0,car
10_3159,0,car
7_2788,0,car
12_3210,0,car
16_4075,0,car
49_1522,0,car
2_1892,0,car
10_3101,0,car
50_1587,0,car
5_2552,0,car
2_1898,0,car
12_3188,0,car
4_2252,0,car
42_0072,0,car
4_2297,0,car
16_3872,0,car
47_1057,0,car
2_1946,0,car
42_0187,0,car
46_0878,0,car
49_1441,0,car
5_2547,0,car
12_3199,0,car
13_3460,0,car
10_3016,0,car
5_2445,0,car
16_4097,0,car
46_0808,0,car
5_2521,0,car
2_1914,0,car
50_1725,0,car
5_2492,0,car
6_2676,0,car
10_3184,0,car
46_0891,0,car
4_2273,0,car
46_0990,0,car
42_0485,0,car
2_1923,0,car
47_1064,0,car
13_3502,0,car
6_2745,0,car
5_2584,0,car
48_1312,0,car
46_0882,0,car
2_1837,0,car
6_2674,0,car
10_3043,0,car
42_0459,0,car
46_0915,0,car
16_3989,0,car
5_2420,0,car
5_2536,0,car
16_4080,0,car
3_2209,0,car
12_3345,0,car
3_2178,0,car
10_3139,0,car
7_2974,0,car
16_4102,0,car
50_1650,0,car
42_0423,0,car
5_2495,0,car
16_3908,0,car
49_1389,0,car
4_2356,0,car
7_2830,0,car
4_2352,0,car
46_0840,0,car
5_2497,0,car
48_1292,0,car
6_2662,0,car
3_2186,0,car
42_0327,0,car
48_1290,0,car
42_0438,0,car
6_2636,0,car
12_3279,0,car
13_3571,0,car
42_0314,0,car
7_2897,0,car
2_1822,0,car
12_3223,0,car
5_2532,0,car
47_1065,0,car
4_2389,0,car
6_2649,0,car
48_1329,0,car
4_2294,0,car
10_3056,0,car
6_2643,0,car
13_3496,0,car
42_0385,0,car
3_2218,0,car
6_2761,0,car
4_2277,0,car
7_2970,0,car
2_1942,0,car
4_2372,0,car
45_691,0,car
5_2522,0,car
12_3239,0,car
47_1085,0,car
45_631,0,car
5_2488,0,car
46_0925,0,car
12_3321,0,car
49_1443,0,car
6_2614,0,car
7_2920,0,car
4_2327,0,car
12_3218,0,car
3_2070,0,car
46_0839,0,car
46_0980,0,car
12_3319,0,car
10_2980,10934,pt
10_3003,128,pt
10_3014,3930,pt
10_3018,239,pt
10_3034,13397,pt
10_3038,190,pt
10_3040,960,pt
10_3047,2275,pt
10_3055,2144,pt
10_3065,697,pt
10_3078,367,pt
10_3102,17706,pt
10_3109,1473,pt
10_3112,869,pt
10_3125,11713,pt
10_3145,601,pt
10_3147,44,pt
10_3148,8568,pt
10_3170,257,pt
10_3173,13666,pt
10_3178,6741,pt
10_3179,25,pt
10_3181,3660,pt
10_3185,279,pt
10_3186,155,pt
12_3142,6031,pt
12_3212,781,pt
12_3221,367,pt
12_3234,3075,pt
12_3273,2823,pt
12_3293,110,pt
12_3303,3267,pt
12_3311,9826,pt
12_3336,12,pt
12_3342,6,pt
12_3353,8798,pt
12_3355,32,pt
12_3358,1230,pt
12_3359,7265,pt
12_3362,4333,pt
12_3363,12868,pt
12_3365,13,pt
12_3391,4301,pt
13_3399,3253,pt
13_3409,57,pt
13_3417,4109,pt
13_3424,85,pt
13_3429,15962,pt
13_3431,216,pt
13_3433,509,pt
13_3438,2377,pt
13_3441,941,pt
13_3456,98,pt
13_3457,316,pt
13_3472,543,pt
13_3476,731,pt
13_3492,9021,pt
13_3520,380,pt
13_3539,602,pt
13_3548,214,pt
13_3590,116,pt
14_3612,19,pt
14_3618,16522,pt
14_3619,453,pt
14_3622,5682,pt
14_3624,14461,pt
14_3627,472,pt
14_3628,275,pt
14_3630,1492,pt
14_3631,1002,pt
14_3633,4779,pt
14_3639,6761,pt
14_3657,2112,pt
14_3660,2241,pt
14_3673,119,pt
14_3674,47,pt
14_3675,177,pt
14_3676,360,pt
14_3692,17016,pt
14_3695,10637,pt
14_3712,177,pt
14_3713,2767,pt
14_3720,903,pt
14_3724,2550,pt
14_3729,6007,pt
14_3735,6257,pt
14_3739,191,pt
14_3741,99,pt
14_3746,622,pt
16_3753,12183,pt
16_3793,2814,pt
16_3794,7715,pt
16_3797,18820,pt
16_3803,573,pt
16_3807,646,pt
16_3820,10515,pt
16_3823,29,pt
16_3828,16522,pt
16_3829,1216,pt
16_3835,5800,pt
16_3841,5609,pt
16_3842,7284,pt
16_3846,2152,pt
16_3851,82,pt
16_3856,305,pt
16_3862,10692,pt
16_3868,22,pt
16_3881,1905,pt
16_3887,287,pt
16_3891,2,pt
16_3892,135,pt
16_3893,852,pt
16_3894,957,pt
16_3900,165,pt
16_3906,6841,pt
16_3915,4339,pt
16_3918,408,pt
16_3919,3592,pt
16_3922,4558,pt
16_3924,15,pt
16_3927,218,pt
16_3934,15499,pt
16_3946,301,pt
16_3947,53,pt
16_3949,1748,pt
16_3954,604,pt
16_3961,2608,pt
16_3969,6959,pt
16_3970,777,pt
16_3971,19882,pt
16_3976,2205,pt
16_3983,3506,pt
16_3987,4949,pt
16_4000,57,pt
16_4006,4,pt
16_4007,457,pt
16_4008,140,pt
16_4020,57,pt
16_4021,595,pt
16_4024,597,pt
16_4032,8194,pt
16_4033,19672,pt
16_4034,14837,pt
16_4037,660,pt
16_4039,3364,pt
16_4041,3531,pt
16_4046,1387,pt
16_4057,7,pt
16_4059,8486,pt
16_4060,422,pt
16_4069,10,pt
16_4074,90,pt
16_4088,3187,pt
16_4091,737,pt
16_4099,19149,pt
16_4109,8714,pt
16_4110,5,pt
16_4111,166,pt
2_1800,1053,pt
2_1804,9823,pt
2_1806,2773,pt
2_1810,26,pt
2_1817,77,pt
2_1823,66,pt
2_1824,204,pt
2_1828,3142,pt
2_1830,659,pt
2_1851,79,pt
2_1854,2440,pt
2_1858,6139,pt
2_1864,123,pt
2_1875,3,pt
2_1881,368,pt
2_1890,650,pt
2_1893,803,pt
2_1895,182,pt
2_1901,417,pt
2_1902,2123,pt
2_1903,2396,pt
2_1911,130,pt
2_1925,3560,pt
2_1932,9419,pt
2_1939,8658,pt
2_1949,2586,pt
2_1958,113,pt
2_1959,14371,pt
2_1960,523,pt
2_1973,35,pt
2_1975,1294,pt
2_1979,10835,pt
2_1981,1830,pt
2_1992,3648,pt
2_2001,732,pt
2_2006,894,pt
2_2012,10622,pt
2_2018,396,pt
3_2035,650,pt
3_2041,9952,pt
3_2055,264,pt
3_2057,1367,pt
3_2058,21,pt
3_2061,938,pt
3_2063,17663,pt
3_2064,243,pt
3_2066,18004,pt
3_2092,8783,pt
3_2098,39,pt
3_2103,666,pt
3_2131,7,pt
3_2132,329,pt
3_2149,11214,pt
3_2167,185,pt
3_2170,2377,pt
3_2177,50,pt
3_2205,233,pt
3_2221,32,pt
3_2226,66,pt
42_0003,6211,pt
42_0015,12252,pt
42_0018,13006,pt
42_0021,335,pt
42_0030,15707,pt
42_0031,8229,pt
42_0035,27,pt
42_0054,4537,pt
42_0057,1838,pt
42_0059,6856,pt
42_0060,4449,pt
42_0067,616,pt
42_0068,108,pt
42_0073,1350,pt
42_0077,780,pt
42_0106,66,pt
42_0112,215,pt
42_0147,147,pt
42_0153,1,pt
42_0195,114,pt
42_0214,1123,pt
42_0220,596,pt
42_0233,153,pt
42_0234,91,pt
42_0235,1146,pt
42_0236,10204,pt
42_0237,1051,pt
42_0242,7273,pt
42_0246,623,pt
42_0250,7726,pt
42_0253,37,pt
42_0258,187,pt
42_0261,79,pt
42_0264,6566,pt
42_0265,674,pt
42_0273,6828,pt
42_0283,500,pt
42_0286,982,pt
42_0300,3749,pt
42_0326,21,pt
42_0350,206,pt
42_0355,149,pt
42_0356,861,pt
42_0360,235,pt
42_0370,1158,pt
42_0393,113,pt
42_0411,1108,pt
42_0419,16906,pt
42_0436,907,pt
42_0442,862,pt
42_0479,990,pt
42_0508,10548,pt
42_0529,8452,pt
42_0530,2054,pt
42_0534,4381,pt
42_0535,10,pt
42_0537,1507,pt
42_0542,3896,pt
42_0543,12736,pt
42_0551,11,pt
42_0562,951,pt
42_0565,23,pt
42_0574,3245,pt
42_0593,10961,pt
45_611,4358,pt
45_625,21,pt
45_627,14,pt
45_632,80,pt
45_637,8051,pt
45_640,5368,pt
45_641,5131,pt
45_646,371,pt
45_649,94,pt
45_651,120,pt
45_684,97,pt
45_699,1141,pt
45_717,1,pt
45_723,8,pt
45_725,139,pt
45_729,747,pt
45_751,2976,pt
45_774,634,pt
45_781,42,pt
45_782,1,pt
45_785,635,pt
45_786,2977,pt
46_0793,376,pt
46_0794,26,pt
46_0811,166,pt
46_0826,1913,pt
46_0827,19,pt
46_0836,373,pt
46_0846,301,pt
46_0856,226,pt
46_0857,15599,pt
46_0858,11079,pt
46_0861,175,pt
46_0864,73,pt
46_0869,3196,pt
46_0879,10571,pt
46_0880,270,pt
46_0883,6326,pt
46_0896,6715,pt
46_0898,3708,pt
46_0899,23,pt
46_0910,5246,pt
46_0913,43,pt
46_0930,14857,pt
46_0944,186,pt
46_0948,8041,pt
46_0965,10,pt
46_0966,1,pt
46_0973,3363,pt
46_0979,10284,pt
46_0991,8236,pt
46_0998,68,pt
46_1001,128,pt
46_1003,809,pt
46_1006,1527,pt
47_1010,263,pt
47_1013,16,pt
47_1021,63,pt
47_1024,189,pt
47_1027,74,pt
47_1033,327,pt
47_1034,12,pt
47_1056,3242,pt
47_1058,8,pt
47_1063,14421,pt
47_1067,268,pt
47_1069,36,pt
47_1076,48,pt
47_1094,172,pt
47_1096,211,pt
47_1109,4021,pt
47_1117,10,pt
47_1119,13825,pt
47_1133,6196,pt
47_1145,64,pt
47_1157,1778,pt
47_1158,44,pt
47_1164,1020,pt
47_1165,12,pt
48_1219,285,pt
48_1221,13620,pt
48_1224,53,pt
48_1227,17134,pt
48_1242,11611,pt
48_1249,5659,pt
48_1254,9536,pt
48_1256,20,pt
48_1263,351,pt
48_1285,438,pt
48_1287,1894,pt
48_1300,122,pt
48_1307,7,pt
48_1310,8912,pt
48_1317,142,pt
48_1318,89,pt
48_1328,1950,pt
48_1334,7535,pt
48_1345,32,pt
48_1354,6400,pt
48_1356,1450,pt
48_1360,164,pt
48_1362,18919,pt
48_1364,1252,pt
48_1376,15,pt
48_1382,2492,pt
49_1395,9823,pt
49_1397,10266,pt
49_1416,211,pt
49_1418,8427,pt
49_1420,17,pt
49_1435,455,pt
49_1436,7,pt
49_1448,32,pt
49_1457,8115,pt
49_1458,1554,pt
49_1461,44,pt
49_1477,7687,pt
49_1488,1154,pt
49_1494,1021,pt
49_1496,252,pt
49_1497,613,pt
49_1500,17559,pt
49_1514,125,pt
49_1523,2130,pt
49_1527,2094,pt
49_1534,1,pt
49_1543,2223,pt
49_1548,11610,pt
49_1556,2,pt
49_1557,423,pt
49_1559,463,pt
49_1560,2356,pt
49_1569,975,pt
4_2261,91,pt
4_2266,205,pt
4_2269,12,pt
4_2291,6,pt
4_2303,25,pt
4_2314,31,pt
4_2359,977,pt
4_2381,3698,pt
4_2385,3782,pt
4_2391,375,pt
4_2399,1629,pt
4_2405,922,pt
4_2417,3094,pt
50_1599,495,pt
50_1600,4774,pt
50_1606,830,pt
50_1609,331,pt
50_1619,5762,pt
50_1621,19,pt
50_1635,6639,pt
50_1636,350,pt
50_1637,76,pt
50_1645,15,pt
50_1654,133,pt
50_1673,192,pt
50_1683,79,pt
50_1695,3266,pt
50_1703,212,pt
50_1706,18866,pt
50_1717,40,pt
50_1729,2359,pt
50_1737,120,pt
50_1747,3684,pt
50_1751,2717,pt
50_1754,573,pt
50_1762,1941,pt
50_1765,13607,pt
5_2467,3207,pt
5_2477,25,pt
5_2490,17,pt
5_2499,87,pt
5_2513,1231,pt
5_2530,372,pt
5_2541,1335,pt
5_2566,12,pt
5_2571,169,pt
5_2585,8508,pt
5_2592,51,pt
5_2599,812,pt
6_2612,634,pt
6_2640,19209,pt
6_2647,109,pt
6_2654,214,pt
6_2664,4,pt
6_2668,11898,pt
6_2678,12,pt
6_2690,1698,pt
6_2706,101,pt
6_2707,2218,pt
6_2722,5738,pt
6_2739,12258,pt
6_2760,606,pt
6_2780,178,pt
7_2798,219,pt
7_2813,11652,pt
7_2842,1172,pt
7_2845,318,pt
7_2852,2224,pt
7_2856,7601,pt
7_2857,6637,pt
7_2869,2506,pt
7_2903,84,pt
7_2906,619,pt
7_2914,81,pt
7_2929,13122,pt
7_2936,9500,pt
7_2938,3257,pt
7_2945,324,pt
7_2947,17,pt
7_2949,88,pt
7_2963,321,pt
7_2976,97,pt
48_1339,0,pt
2_1984,0,pt
49_1425,0,pt
14_3687,0,pt
49_1501,0,pt
48_1271,0,pt
46_0832,0,pt
13_3572,0,pt
3_2099,0,pt
6_2728,0,pt
7_2833,0,pt
7_2934,0,pt
47_1101,0,pt
5_2539,0,pt
49_1572,0,pt
49_1533,0,pt
2_1965,0,pt
46_0971,0,pt
7_2925,0,pt
6_2609,0,pt
49_1571,0,pt
10_3011,0,pt
48_1270,0,pt
3_2216,0,pt
6_2657,0,pt
49_1454,0,pt
12_3269,0,pt
3_2072,0,pt
49_1578,0,pt
12_3299,0,pt
13_3464,0,pt
6_2658,0,pt
42_0369,0,pt
42_0397,0,pt
42_0342,0,pt
42_0055,0,pt
47_1088,0,pt
7_2837,0,pt
42_0586,0,pt
42_0316,0,pt
10_2988,0,pt
48_1251,0,pt
45_624,0,pt
2_2008,0,pt
7_2958,0,pt
16_3871,0,pt
6_2623,0,pt
48_1236,0,pt
47_1073,0,pt
42_0563,0,pt
3_2105,0,pt
3_2025,0,pt
6_2708,0,pt
16_3962,0,pt
16_4056,0,pt
10_3135,0,pt
42_0085,0,pt
7_2944,0,pt
16_4012,0,pt
50_1612,0,pt
6_2713,0,pt
42_0292,0,pt
12_3222,0,pt
10_2994,0,pt
16_4023,0,pt
48_1316,0,pt
13_3400,0,pt
50_1658,0,pt
48_1243,0,pt
3_2136,0,pt
42_0376,0,pt
2_1798,0,pt
3_2115,0,pt
2_1941,0,pt
42_0443,0,pt
6_2673,0,pt
16_3792,0,pt
46_0876,0,pt
12_3310,0,pt
3_2150,0,pt
12_3232,0,pt
5_2542,0,pt
42_0480,0,pt
46_0885,0,pt
47_1179,0,pt
49_1449,0,pt
4_2283,0,pt
5_2451,0,pt
16_4044,0,pt
46_0922,0,pt
48_1248,0,pt
42_0331,0,pt
14_3616,0,pt
47_1080,0,pt
48_1332,0,pt
49_1549,0,pt
12_3231,0,pt
45_755,0,pt
46_1002,0,pt
7_2960,0,pt
5_2568,0,pt
14_3594,0,pt
45_721,0,pt
49_1570,0,pt
4_2259,0,pt
47_1032,0,pt
13_3521,0,pt
42_0554,0,pt
16_4029,0,pt
3_2097,0,pt
16_4018,0,pt
4_2412,0,pt
5_2554,0,pt
50_1785,0,pt
42_0460,0,pt
45_658,0,pt
16_3756,0,pt
47_1185,0,pt
49_1521,0,pt
12_3370,0,pt
42_0341,0,pt
12_3371,0,pt
6_2755,0,pt
5_2474,0,pt
16_3863,0,pt
49_1506,0,pt
48_1225,0,pt
6_2771,0,pt
49_1512,0,pt
42_0125,0,pt
49_1474,0,pt
12_3296,0,pt
10_3137,0,pt
4_2409,0,pt
7_2792,0,pt
48_1206,0,pt
4_2306,0,pt
4_2316,0,pt
46_0978,0,pt
2_1924,0,pt
14_3662,0,pt
48_1301,0,pt
42_0296,0,pt
42_0348,0,pt
4_2374,0,pt
45_702,0,pt
42_0239,0,pt
48_1215,0,pt
4_2403,0,pt
10_3121,0,pt
50_1780,0,pt
14_3649,0,pt
50_1756,0,pt
13_3575,0,pt
49_1576,0,pt
4_2318,0,pt
10_3130,0,pt
45_654,0,pt
7_2900,0,pt
16_4035,0,pt
47_1112,0,pt
5_2572,0,pt
16_3968,0,pt
5_2463,0,pt
10_3033,0,pt
42_0245,0,pt
6_2672,0,pt
48_1273,0,pt
42_0319,0,pt
45_606,0,pt
49_1482,0,pt
50_1653,0,pt
16_3957,0,pt
3_2197,0,pt
42_0320,0,pt
7_2922,0,pt
50_1672,0,pt
42_0050,0,pt
10_3084,0,pt
2_1969,0,pt
2_1950,0,pt
10_3113,0,pt
10_3059,0,pt
48_1342,0,pt
49_1480,0,pt
46_0797,0,pt
46_0987,0,pt
6_2683,0,pt
16_3981,0,pt
48_1265,0,pt
45_633,0,pt
42_0414,0,pt
6_2637,0,pt
4_2233,0,pt
16_3937,0,pt
46_0868,0,pt
16_4061,0,pt
7_2817,0,pt
16_3895,0,pt
5_2500,0,pt
12_3349,0,pt
16_3873,0,pt
46_0828,0,pt
3_2163,0,pt
7_2954,0,pt
42_0428,0,pt
46_0848,0,pt
16_3926,0,pt
42_0262,0,pt
42_0375,0,pt
4_2329,0,pt
49_1580,0,pt
48_1252,0,pt
48_1261,0,pt
6_2686,0,pt
16_4042,0,pt
14_3625,0,pt
7_2910,0,pt
14_3601,0,pt
48_1253,0,pt
49_1481,0,pt
50_1771,0,pt
5_2557,0,pt
49_1405,0,pt
50_1628,0,pt
16_3875,0,pt
46_0874,0,pt
12_3356,0,pt
6_2602,0,pt
2_1915,0,pt
7_2932,0,pt
16_3988,0,pt
42_0005,0,pt
14_3617,0,pt
16_3784,0,pt
2_2007,0,pt
47_1060,0,pt
10_3067,0,pt
6_2741,0,pt
16_3997,0,pt
42_0217,0,pt
48_1352,0,pt
2_1789,0,pt
2_1953,0,pt
6_2743,0,pt
6_2645,0,pt
50_1651,0,pt
48_1380,0,pt
45_635,0,pt
42_0302,0,pt
49_1452,0,pt
48_1212,0,pt
42_0263,0,pt
5_2429,0,pt
7_2971,0,pt
3_2038,0,pt
14_3681,0,pt
7_2800,0,pt
12_3301,0,pt
14_3623,0,pt
49_1470,0,pt
4_2231,0,pt
4_2344,0,pt
42_0188,0,pt
42_0491,0,pt
12_3194,0,pt
5_2544,0,pt
42_0417,0,pt
47_1172,0,pt
3_2053,0,pt
49_1413,0,pt
4_2330,0,pt
4_2257,0,pt
4_2284,0,pt
6_2628,0,pt
3_2171,0,pt
42_0307,0,pt
10_3143,0,pt
2_1961,0,pt
12_3283,0,pt
42_0086,0,pt
7_2921,0,pt
45_682,0,pt
6_2622,0,pt
16_3824,0,pt
13_3534,0,pt
42_0051,0,pt
3_2050,0,pt
49_1562,0,pt
42_0579,0,pt
45_609,0,pt
3_2029,0,pt
16_4019,0,pt
47_1120,0,pt
13_3583,0,pt
5_2577,0,pt
42_0541,0,pt
2_2016,0,pt
42_0304,0,pt
16_3877,0,pt
3_2028,0,pt
48_1279,0,pt
6_2748,0,pt
7_2902,0,pt
42_0576,0,pt
7_2850,0,pt
45_671,0,pt
42_0089,0,pt
2_2004,0,pt
49_1387,0,pt
10_3120,0,pt
14_3611,0,pt
16_3874,0,pt
49_1422,0,pt
42_0378,0,pt
4_2406,0,pt
45_756,0,pt
45_659,0,pt
13_3526,0,pt
5_2548,0,pt
12_3291,0,pt
46_0804,0,pt
5_2582,0,pt
10_3050,0,pt
12_3233,0,pt
50_1620,0,pt
5_2598,0,pt
42_0282,0,pt
16_3811,0,pt
46_0911,0,pt
7_2858,0,pt
10_3096,0,pt
7_2818,0,pt
4_2234,0,pt
13_3466,0,pt
10_3116,0,pt
50_1684,0,pt
2_1821,0,pt
46_0800,0,pt
2_1829,0,pt
49_1504,0,pt
16_3982,0,pt
16_3802,0,pt
42_0301,0,pt
46_0854,0,pt
46_0852,0,pt
6_2624,0,pt
12_3316,0,pt
48_1241,0,pt
48_1371,0,pt
10_3092,0,pt
45_661,0,pt
10_3026,0,pt
13_3437,0,pt
5_2482,0,pt
2_1919,0,pt
4_2289,0,pt
16_3986,0,pt
47_1111,0,pt
10_3118,0,pt
45_630,0,pt
42_0013,0,pt
5_2430,0,pt
6_2773,0,pt
14_3685,0,pt
42_0117,0,pt
10_3163,0,pt
2_1807,0,pt
48_1324,0,pt
10_3097,0,pt
14_3659,0,pt
46_0946,0,pt
6_2757,0,pt
14_3709,0,pt
10_2996,0,pt
4_2322,0,pt
45_728,0,pt
45_731,0,pt
42_0065,0,pt
14_3663,0,pt
16_4036,0,pt
7_2890,0,pt
48_1335,0,pt
46_0982,0,pt
46_0841,0,pt
16_3951,0,pt
7_2796,0,pt
16_4078,0,pt
14_3672,0,pt
5_2447,0,pt
2_1930,0,pt
2_1995,0,pt
48_1365,0,pt
42_0183,0,pt
7_2844,0,pt
42_0467,0,pt
49_1539,0,pt
7_2940,0,pt
46_0934,0,pt
10_3032,0,pt
5_2478,0,pt
48_1320,0,pt
42_0141,0,pt
48_1383,0,pt
6_2740,0,pt
3_2043,0,pt
49_1526,0,pt
46_0952,0,pt
12_3213,0,pt
10_3030,0,pt
42_0040,0,pt
45_622,0,pt
48_1229,0,pt
48_1306,0,pt
42_0204,0,pt
42_0243,0,pt
42_0449,0,pt
16_3808,0,pt
45_733,0,pt
5_2498,0,pt
42_0539,0,pt
6_2776,0,pt
47_1055,0,pt
10_3168,0,pt
42_0363,0,pt
16_3901,0,pt
50_1781,0,pt
2_1983,0,pt
46_0862,0,pt
13_3423,0,pt
12_3250,0,pt
16_3944,0,pt
50_1764,0,pt
10_3041,0,pt
45_608,0,pt
49_1467,0,pt
4_2408,0,pt
49_1550,0,pt
7_2827,0,pt
42_0525,0,pt
4_2311,0,pt
46_0844,0,pt
7_2891,0,pt
45_596,0,pt
47_1136,0,pt
42_0472,0,pt
12_3237,0,pt
42_0229,0,pt
47_1043,0,pt
49_1518,0,pt
13_3513,0,pt
12_3328,0,pt
16_4094,0,pt
6_2784,0,pt
50_1659,0,pt
14_3688,0,pt
4_2363,0,pt
42_0580,0,pt
10_3090,0,pt
2_1856,0,pt
47_1154,0,pt
13_3573,0,pt
3_2034,0,pt
48_1381,0,pt
4_2268,0,pt
42_0255,0,pt
42_0160,0,pt
42_0014,0,pt
42_0560,0,pt
42_0244,0,pt
10_3000,0,pt
42_0038,0,pt
2_1947,0,pt
2_1843,0,pt
5_2466,0,pt
16_4104,0,pt
48_1266,0,pt
42_0445,0,pt
14_3608,0,pt
13_3525,0,pt
42_0293,0,pt
16_3822,0,pt
16_3967,0,pt
50_1768,0,pt
5_2433,0,pt
42_0287,0,pt
12_3274,0,pt
49_1585,0,pt
6_2783,0,pt
6_2694,0,pt
3_2049,0,pt
14_3596,0,pt
6_2625,0,pt
49_1431,0,pt
10_3025,0,pt
4_2362,0,pt
16_4089,0,pt
42_0406,0,pt
16_4084,0,pt
46_0875,0,pt
42_0458,0,pt
49_1535,0,pt
16_4082,0,pt
49_1469,0,pt
6_2723,0,pt
42_0515,0,pt
48_1350,0,pt
6_2747,0,pt
4_2263,0,pt
50_1588,0,pt
49_1492,0,pt
45_618,0,pt
7_2865,0,pt
42_0513,0,pt
14_3731,0,pt
42_0401,0,pt
46_0799,0,pt
46_0795,0,pt
45_669,0,pt
6_2689,0,pt
16_3996,0,pt
10_3077,0,pt
45_761,0,pt
2_1826,0,pt
10_3158,0,pt
10_3174,0,pt
42_0046,0,pt
12_3263,0,pt
46_0907,0,pt
4_2240,0,pt
10_3004,0,pt
49_1509,0,pt
42_0240,0,pt
16_3940,0,pt
4_2358,0,pt
5_2583,0,pt
46_0950,0,pt
50_1722,0,pt
13_3523,0,pt
2_1988,0,pt
45_749,0,pt
16_4112,0,pt
46_0956,0,pt
42_0404,0,pt
3_2204,0,pt
14_3719,0,pt
45_675,0,pt
16_3761,0,pt
48_1208,0,pt
49_1396,0,pt
5_2534,0,pt
16_4085,0,pt
42_0137,0,pt
46_0877,0,pt
2_1968,0,pt
46_0939,0,pt
10_2978,0,pt
16_4107,0,pt
48_1294,0,pt
14_3597,0,pt
16_3832,0,pt
42_0180,0,pt
7_2915,0,pt
14_3609,0,pt
16_3765,0,pt
13_3551,0,pt
6_2684,0,pt
48_1204,0,pt
3_2174,0,pt
50_1772,0,pt
47_1142,0,pt
2_1841,0,pt
49_1546,0,pt
16_4079,0,pt
49_1391,0,pt
48_1258,0,pt
46_0791,0,pt
10_3091,0,pt
49_1472,0,pt
4_2254,0,pt
6_2604,0,pt
47_1083,0,pt
48_1330,0,pt
42_0158,0,pt
3_2142,0,pt
3_2143,0,pt
16_3980,0,pt
48_1280,0,pt
42_0275,0,pt
3_2039,0,pt
13_3481,0,pt
42_0552,0,pt
47_1017,0,pt
10_3124,0,pt
45_648,0,pt
45_652,0,pt
50_1731,0,pt
49_1404,0,pt
46_0949,0,pt
42_0294,0,pt
46_0976,0,pt
42_0322,0,pt
42_0339,0,pt
16_4011,0,pt
7_2939,0,pt
16_3925,0,pt
13_3545,0,pt
6_2769,0,pt
16_3888,0,pt
3_2207,0,pt
16_3854,0,pt
49_1409,0,pt
5_2601,0,pt
12_3388,0,pt
3_2125,0,pt
47_1100,0,pt
12_3364,0,pt
3_2108,0,pt
47_1129,0,pt
6_2736,0,pt
5_2435,0,pt
16_3917,0,pt
10_3073,0,pt
14_3621,0,pt
5_2581,0,pt
48_1209,0,pt
50_1604,0,pt
50_1735,0,pt
42_0447,0,pt
16_3897,0,pt
10_3164,0,pt
10_3095,0,pt
6_2633,0,pt
50_1644,0,pt
50_1655,0,pt
16_3995,0,pt
6_2646,0,pt
46_0888,0,pt
48_1198,0,pt
7_2815,0,pt
6_2749,0,pt
48_1368,0,pt
5_2449,0,pt
42_0412,0,pt
10_3107,0,pt
12_3357,0,pt
45_688,0,pt
16_3796,0,pt
4_2310,0,pt
50_1674,0,pt
50_1602,0,pt
48_1327,0,pt
47_1081,0,pt
16_3867,0,pt
16_4071,0,pt
4_2360,0,pt
47_1039,0,pt
3_2212,0,pt
14_3635,0,pt
47_1068,0,pt
50_1723,0,pt
2_1872,0,pt
47_1030,0,pt
7_2887,0,pt
12_3205,0,pt
4_2232,0,pt
16_3985,0,pt
42_0549,0,pt
45_767,0,pt
6_2634,0,pt
47_1114,0,pt
16_3830,0,pt
48_1255,0,pt
7_2864,0,pt
46_0798,0,pt
46_0838,0,pt
47_1123,0,pt
46_0918,0,pt
5_2434,0,pt
49_1541,0,pt
5_2441,0,pt
7_2822,0,pt
16_3800,0,pt
16_3936,0,pt
7_2841,0,pt
42_0425,0,pt
2_1974,0,pt
42_0395,0,pt
3_2062,0,pt
50_1596,0,pt
42_0507,0,pt
50_1776,0,pt
5_2555,0,pt
2_1934,0,pt
5_2595,0,pt
14_3610,0,pt
45_709,0,pt
42_0470,0,pt
45_701,0,pt
42_0159,0,pt
16_4003,0,pt
42_0075,0,pt
6_2762,0,pt
5_2560,0,pt
42_0451,0,pt
48_1268,0,pt
50_1727,0,pt
16_3963,0,pt
10_3023,0,pt
42_0032,0,pt
5_2519,0,pt
13_3479,0,pt
14_3694,0,pt
42_0373,0,pt
42_0094,0,pt
48_1197,0,pt
6_2685,0,pt
6_2652,0,pt
50_1625,0,pt
49_1520,0,pt
49_1440,0,pt
7_2835,0,pt
2_1985,0,pt
4_2325,0,pt
2_1918,0,pt
2_1938,0,pt
6_2710,0,pt
7_2878,0,pt
47_1171,0,pt
46_0970,0,pt
42_0528,0,pt
42_0353,0,pt
6_2700,0,pt
46_0790,0,pt
46_0997,0,pt
50_1687,0,pt
3_2121,0,pt
5_2510,0,pt
6_2702,0,pt
47_1156,0,pt
2_1877,0,pt
12_3219,0,pt
10_3057,0,pt
7_2946,0,pt
46_0977,0,pt
50_1627,0,pt
42_0009,0,pt
12_3286,0,pt
16_3935,0,pt
42_0465,0,pt
7_2791,0,pt
45_678,0,pt
2_1882,0,pt
50_1784,0,pt
48_1232,0,pt
13_3517,0,pt
42_0184,0,pt
14_3599,0,pt
46_0909,0,pt
49_1462,0,pt
42_0104,0,pt
50_1753,0,pt
13_3420,0,pt
42_0042,0,pt
49_1484,0,pt
50_1746,0,pt
42_0379,0,pt
12_3198,0,pt
13_3458,0,pt
50_1689,0,pt
49_1487,0,pt
45_744,0,pt
42_0037,0,pt
7_2868,0,pt
13_3440,0,pt
14_3684,0,pt
48_1216,0,pt
42_0330,0,pt
5_2540,0,pt
4_2392,0,pt
3_2206,0,pt
48_1369,0,pt
47_1173,0,pt
13_3528,0,pt
4_2394,0,pt
42_0358,0,pt
42_0464,0,pt
47_1066,0,pt
2_1987,0,pt
3_2082,0,pt
6_2726,0,pt
16_3943,0,pt
49_1536,0,pt
46_0842,0,pt
16_3939,0,pt
4_2388,0,pt
10_3017,0,pt
16_3890,0,pt
13_3570,0,pt
42_0252,0,pt
49_1515,0,pt
42_0533,0,pt
49_1508,0,pt
42_0010,0,pt
2_1849,0,pt
7_2898,0,pt
42_0426,0,pt
3_2191,0,pt
45_769,0,pt
42_0061,0,pt
6_2781,0,pt
46_0985,0,pt
7_2848,0,pt
12_3201,0,pt
7_2948,0,pt
10_2992,0,pt
48_1386,0,pt
50_1633,0,pt
42_0446,0,pt
42_0453,0,pt
4_2228,0,pt
2_1808,0,pt
16_3751,0,pt
3_2065,0,pt
5_2486,0,pt
16_3799,0,pt
50_1749,0,pt
49_1575,0,pt
7_2838,0,pt
3_2116,0,pt
50_1608,0,pt
6_2733,0,pt
50_1671,0,pt
5_2464,0,pt
47_1147,0,pt
50_1777,0,pt
16_4070,0,pt
16_4043,0,pt
3_2180,0,pt
42_0521,0,pt
42_0138,0,pt
49_1463,0,pt
5_2564,0,pt
14_3670,0,pt
16_3999,0,pt
2_1839,0,pt
5_2421,0,pt
12_3312,0,pt
16_3836,0,pt
45_747,0,pt
12_3236,0,pt
7_2967,0,pt
13_3435,0,pt
6_2720,0,pt
47_1023,0,pt
45_735,0,pt
10_3085,0,pt
47_1061,0,pt
13_3500,0,pt
13_3559,0,pt
46_0834,0,pt
49_1577,0,pt
10_3162,0,pt
10_3058,0,pt
12_3255,0,pt
42_0452,0,pt
42_0231,0,pt
46_0917,0,pt
12_3295,0,pt
47_1011,0,pt
48_1196,0,pt
7_2917,0,pt
50_1639,0,pt
49_1491,0,pt
42_0025,0,pt
47_1048,0,pt
48_1347,0,pt
4_2274,0,pt
47_1082,0,pt
2_1860,0,pt
10_3082,0,pt
5_2439,0,pt
6_2687,0,pt
42_0444,0,pt
12_3322,0,pt
14_3606,0,pt
47_1194,0,pt
42_0381,0,pt
6_2682,0,pt
45_666,0,pt
12_3337,0,pt
3_2128,0,pt
6_2660,0,pt
48_1281,0,pt
45_613,0,pt
3_2137,0,pt
49_1450,0,pt
46_0981,0,pt
42_0157,0,pt
42_0345,0,pt
12_3298,0,pt
10_3131,0,pt
12_3326,0,pt
16_3840,0,pt
42_0493,0,pt
13_3469,0,pt
4_2357,0,pt
7_2961,0,pt
42_0466,0,pt
42_0024,0,pt
3_2201,0,pt
4_2387,0,pt
13_3509,0,pt
49_1493,0,pt
42_0503,0,pt
10_3117,0,pt
12_3191,0,pt
42_0413,0,pt
7_2862,0,pt
5_2523,0,pt
10_3156,0,pt
42_0056,0,pt
46_1005,0,pt
49_1530,0,pt
16_3849,0,pt
13_3515,0,pt
7_2883,0,pt
16_3952,0,pt
50_1726,0,pt
49_1574,0,pt
16_4101,0,pt
2_1832,0,pt
10_3111,0,pt
14_3613,0,pt
2_1920,0,pt
5_2569,0,pt
5_2538,0,pt
47_1020,0,pt
42_0058,0,pt
2_1912,0,pt
48_1264,0,pt
45_757,0,pt
4_2279,0,pt
10_2995,0,pt
10_3074,0,pt
46_0872,0,pt
48_1247,0,pt
42_0004,0,pt
4_2400,0,pt
16_4093,0,pt
49_1475,0,pt
50_1640,0,pt
50_1711,0,pt
47_1028,0,pt
49_1551,0,pt
45_698,0,pt
46_0814,0,pt
47_1031,0,pt
7_2790,0,pt
42_0218,0,pt
46_0943,0,pt
47_1018,0,pt
14_3702,0,pt
50_1714,0,pt
42_0201,0,pt
42_0518,0,pt
47_1026,0,pt
45_672,0,pt
48_1228,0,pt
6_2679,0,pt
10_3138,0,pt
42_0280,0,pt
6_2754,0,pt
47_1038,0,pt
6_2671,0,pt
5_2587,0,pt
42_0230,0,pt
46_0959,0,pt
12_3368,0,pt
42_0324,0,pt
42_0343,0,pt
16_4004,0,pt
5_2596,0,pt
6_2608,0,pt
47_1188,0,pt
5_2556,0,pt
16_3852,0,pt
7_2867,0,pt
2_1998,0,pt
42_0043,0,pt
42_0561,0,pt
5_2563,0,pt
49_1417,0,pt
3_2193,0,pt
49_1567,0,pt
5_2496,0,pt
49_1433,0,pt
3_2110,0,pt
2_1929,0,pt
6_2699,0,pt
46_0792,0,pt
48_1314,0,pt
6_2772,0,pt
42_0150,0,pt
16_3876,0,pt
42_0372,0,pt
10_3035,0,pt
46_0821,0,pt
48_1319,0,pt
12_3382,0,pt
47_1176,0,pt
45_703,0,pt
10_2981,0,pt
10_3114,0,pt
12_3281,0,pt
13_3524,0,pt
48_1235,0,pt
4_2368,0,pt
48_1361,0,pt
42_0007,0,pt
3_2042,0,pt
7_2795,0,pt
50_1598,0,pt
49_1489,0,pt
5_2428,0,pt
2_1900,0,pt
16_4096,0,pt
5_2473,0,pt
49_1544,0,pt
14_3677,0,pt
16_3921,0,pt
10_3036,0,pt
45_680,0,pt
48_1201,0,pt
14_3650,0,pt
45_748,0,pt
42_0318,0,pt
5_2594,0,pt
2_1813,0,pt
50_1607,0,pt
48_1333,0,pt
14_3726,0,pt
12_3318,0,pt
16_3773,0,pt
42_0367,0,pt
13_3550,0,pt
42_0169,0,pt
